[{"sum": 1868.7099999999991, "host_min": 77.85, "avg": "77.86", "host_max": 77.89, "hostname": "HOST1"}, {"sum": 1865.0000000000007, "host_min": 77.69, "avg": "77.71", "host_max": 77.73, "hostname": "HOST2"}, {"sum": 1866.5799999999997, "host_min": 77.75, "avg": "77.77", "host_max": 77.79, "hostname": "HOST3"}, {"sum": 1873.0799999999995, "host_min": 78.03, "avg": "78.04", "host_max": 78.06, "hostname": "HOST4"}, {"sum": 2084.29, "host_min": 85.92, "avg": "86.85", "host_max": 87.47, "hostname": "HOST5"}, {"sum": 2243.7699999999995, "host_min": 93.28, "avg": "93.49", "host_max": 93.64, "hostname": "HOST6"}, {"sum": 2320.38, "host_min": 96.5, "avg": "96.68", "host_max": 96.83, "hostname": "HOST7"}, {"sum": 2179.42, "host_min": 90.07, "avg": "90.81", "host_max": 92.09, "hostname": "HOST8"}, {"sum": 2312.25, "host_min": 96.1, "avg": "96.34", "host_max": 96.52, "hostname": "HOST9"}, {"sum": 574.9, "host_min": 77.88, "avg": "23.95", "host_max": 99.57, "hostname": "HOST10"}, {"sum": 2260.5, "host_min": 77.73, "avg": "94.19", "host_max": 94.98, "hostname": "HOST11"}, {"sum": 1337.54, "host_min": 54.27, "avg": "55.73", "host_max": 77.79, "hostname": "HOST12"}, {"sum": 1009.8100000000002, "host_min": 39.54, "avg": "42.08", "host_max": 78.06, "hostname": "HOST13"}, {"sum": 1266.8100000000004, "host_min": 51.16, "avg": "52.78", "host_max": 87.4, "hostname": "HOST14"}, {"sum": 1963.1799999999994, "host_min": 81.26, "avg": "81.80", "host_max": 93.55, "hostname": "HOST15"}, {"sum": 2214.7599999999993, "host_min": 85.09, "avg": "92.28", "host_max": 96.65, "hostname": "HOST16"}, {"sum": 1497.5500000000006, "host_min": 60.58, "avg": "62.40", "host_max": 90.68, "hostname": "HOST17"}, {"sum": 2008.3700000000003, "host_min": 79.35, "avg": "83.68", "host_max": 97.42, "hostname": "HOST18"}, {"sum": 1903.6999999999998, "host_min": 82.42, "avg": "79.32", "host_max": 83.14, "hostname": "HOST19"}, {"sum": 1749.2100000000005, "host_min": 71.12, "avg": "72.88", "host_max": 94.86, "hostname": "HOST20"}, {"sum": 1383.4900000000002, "host_min": 54.34, "avg": "57.65", "host_max": 61.11, "hostname": "HOST21"}, {"sum": 1419.1299999999997, "host_min": 40.8, "avg": "59.13", "host_max": 61.31, "hostname": "HOST22"}, {"sum": 909.1300000000001, "host_min": 35.76, "avg": "37.88", "host_max": 51.17, "hostname": "HOST23"}, {"sum": 924.38, "host_min": 33.64, "avg": "38.52", "host_max": 81.3, "hostname": "HOST24"}, {"sum": 853.51, "host_min": 32.32, "avg": "35.56", "host_max": 45.79, "hostname": "HOST25"}, {"sum": 994.8100000000001, "host_min": 41.43, "avg": "41.45", "host_max": 46.13, "hostname": "HOST26"}, {"sum": 1035.05, "host_min": 43.53, "avg": "43.13", "host_max": 47.21, "hostname": "HOST27"}, {"sum": 1046.9399999999998, "host_min": 43.23, "avg": "43.62", "host_max": 49.01, "hostname": "HOST28"}, {"sum": 833.28, "host_min": 31.82, "avg": "34.72", "host_max": 41.61, "hostname": "HOST29"}]