S'<?xml version="1.0" ?>\n<root>\n\t<item type="dict">\n\t\t<sum type="float">1868.71</sum>\n\t\t<host_min type="float">77.85</host_min>\n\t\t<avg type="str">77.86</avg>\n\t\t<host_max type="float">77.89</host_max>\n\t\t<hostname type="str">HOST1</hostname>\n\t</item>\n\t<item type="dict">\n\t\t<sum type="float">1865.0</sum>\n\t\t<host_min type="float">77.69</host_min>\n\t\t<avg type="str">77.71</avg>\n\t\t<host_max type="float">77.73</host_max>\n\t\t<hostname type="str">HOST2</hostname>\n\t</item>\n\t<item type="dict">\n\t\t<sum type="float">1866.58</sum>\n\t\t<host_min type="float">77.75</host_min>\n\t\t<avg type="str">77.77</avg>\n\t\t<host_max type="float">77.79</host_max>\n\t\t<hostname type="str">HOST3</hostname>\n\t</item>\n\t<item type="dict">\n\t\t<sum type="float">1873.08</sum>\n\t\t<host_min type="float">78.03</host_min>\n\t\t<avg type="str">78.04</avg>\n\t\t<host_max type="float">78.06</host_max>\n\t\t<hostname type="str">HOST4</hostname>\n\t</item>\n\t<item type="dict">\n\t\t<sum type="float">2084.29</sum>\n\t\t<host_min type="float">85.92</host_min>\n\t\t<avg type="str">86.85</avg>\n\t\t<host_max type="float">87.47</host_max>\n\t\t<hostname type="str">HOST5</hostname>\n\t</item>\n\t<item type="dict">\n\t\t<sum type="float">2243.77</sum>\n\t\t<host_min type="float">93.28</host_min>\n\t\t<avg type="str">93.49</avg>\n\t\t<host_max type="float">93.64</host_max>\n\t\t<hostname type="str">HOST6</hostname>\n\t</item>\n\t<item type="dict">\n\t\t<sum type="float">2320.38</sum>\n\t\t<host_min type="float">96.5</host_min>\n\t\t<avg type="str">96.68</avg>\n\t\t<host_max type="float">96.83</host_max>\n\t\t<hostname type="str">HOST7</hostname>\n\t</item>\n\t<item type="dict">\n\t\t<sum type="float">2179.42</sum>\n\t\t<host_min type="float">90.07</host_min>\n\t\t<avg type="str">90.81</avg>\n\t\t<host_max type="float">92.09</host_max>\n\t\t<hostname type="str">HOST8</hostname>\n\t</item>\n\t<item type="dict">\n\t\t<sum type="float">2312.25</sum>\n\t\t<host_min type="float">96.1</host_min>\n\t\t<avg type="str">96.34</avg>\n\t\t<host_max type="float">96.52</host_max>\n\t\t<hostname type="str">HOST9</hostname>\n\t</item>\n\t<item type="dict">\n\t\t<sum type="float">574.9</sum>\n\t\t<host_min type="float">77.88</host_min>\n\t\t<avg type="str">23.95</avg>\n\t\t<host_max type="float">99.57</host_max>\n\t\t<hostname type="str">HOST10</hostname>\n\t</item>\n\t<item type="dict">\n\t\t<sum type="float">2260.5</sum>\n\t\t<host_min type="float">77.73</host_min>\n\t\t<avg type="str">94.19</avg>\n\t\t<host_max type="float">94.98</host_max>\n\t\t<hostname type="str">HOST11</hostname>\n\t</item>\n\t<item type="dict">\n\t\t<sum type="float">1337.54</sum>\n\t\t<host_min type="float">54.27</host_min>\n\t\t<avg type="str">55.73</avg>\n\t\t<host_max type="float">77.79</host_max>\n\t\t<hostname type="str">HOST12</hostname>\n\t</item>\n\t<item type="dict">\n\t\t<sum type="float">1009.81</sum>\n\t\t<host_min type="float">39.54</host_min>\n\t\t<avg type="str">42.08</avg>\n\t\t<host_max type="float">78.06</host_max>\n\t\t<hostname type="str">HOST13</hostname>\n\t</item>\n\t<item type="dict">\n\t\t<sum type="float">1266.81</sum>\n\t\t<host_min type="float">51.16</host_min>\n\t\t<avg type="str">52.78</avg>\n\t\t<host_max type="float">87.4</host_max>\n\t\t<hostname type="str">HOST14</hostname>\n\t</item>\n\t<item type="dict">\n\t\t<sum type="float">1963.18</sum>\n\t\t<host_min type="float">81.26</host_min>\n\t\t<avg type="str">81.80</avg>\n\t\t<host_max type="float">93.55</host_max>\n\t\t<hostname type="str">HOST15</hostname>\n\t</item>\n\t<item type="dict">\n\t\t<sum type="float">2214.76</sum>\n\t\t<host_min type="float">85.09</host_min>\n\t\t<avg type="str">92.28</avg>\n\t\t<host_max type="float">96.65</host_max>\n\t\t<hostname type="str">HOST16</hostname>\n\t</item>\n\t<item type="dict">\n\t\t<sum type="float">1497.55</sum>\n\t\t<host_min type="float">60.58</host_min>\n\t\t<avg type="str">62.40</avg>\n\t\t<host_max type="float">90.68</host_max>\n\t\t<hostname type="str">HOST17</hostname>\n\t</item>\n\t<item type="dict">\n\t\t<sum type="float">2008.37</sum>\n\t\t<host_min type="float">79.35</host_min>\n\t\t<avg type="str">83.68</avg>\n\t\t<host_max type="float">97.42</host_max>\n\t\t<hostname type="str">HOST18</hostname>\n\t</item>\n\t<item type="dict">\n\t\t<sum type="float">1903.7</sum>\n\t\t<host_min type="float">82.42</host_min>\n\t\t<avg type="str">79.32</avg>\n\t\t<host_max type="float">83.14</host_max>\n\t\t<hostname type="str">HOST19</hostname>\n\t</item>\n\t<item type="dict">\n\t\t<sum type="float">1749.21</sum>\n\t\t<host_min type="float">71.12</host_min>\n\t\t<avg type="str">72.88</avg>\n\t\t<host_max type="float">94.86</host_max>\n\t\t<hostname type="str">HOST20</hostname>\n\t</item>\n\t<item type="dict">\n\t\t<sum type="float">1383.49</sum>\n\t\t<host_min type="float">54.34</host_min>\n\t\t<avg type="str">57.65</avg>\n\t\t<host_max type="float">61.11</host_max>\n\t\t<hostname type="str">HOST21</hostname>\n\t</item>\n\t<item type="dict">\n\t\t<sum type="float">1419.13</sum>\n\t\t<host_min type="float">40.8</host_min>\n\t\t<avg type="str">59.13</avg>\n\t\t<host_max type="float">61.31</host_max>\n\t\t<hostname type="str">HOST22</hostname>\n\t</item>\n\t<item type="dict">\n\t\t<sum type="float">909.13</sum>\n\t\t<host_min type="float">35.76</host_min>\n\t\t<avg type="str">37.88</avg>\n\t\t<host_max type="float">51.17</host_max>\n\t\t<hostname type="str">HOST23</hostname>\n\t</item>\n\t<item type="dict">\n\t\t<sum type="float">924.38</sum>\n\t\t<host_min type="float">33.64</host_min>\n\t\t<avg type="str">38.52</avg>\n\t\t<host_max type="float">81.3</host_max>\n\t\t<hostname type="str">HOST24</hostname>\n\t</item>\n\t<item type="dict">\n\t\t<sum type="float">853.51</sum>\n\t\t<host_min type="float">32.32</host_min>\n\t\t<avg type="str">35.56</avg>\n\t\t<host_max type="float">45.79</host_max>\n\t\t<hostname type="str">HOST25</hostname>\n\t</item>\n\t<item type="dict">\n\t\t<sum type="float">994.81</sum>\n\t\t<host_min type="float">41.43</host_min>\n\t\t<avg type="str">41.45</avg>\n\t\t<host_max type="float">46.13</host_max>\n\t\t<hostname type="str">HOST26</hostname>\n\t</item>\n\t<item type="dict">\n\t\t<sum type="float">1035.05</sum>\n\t\t<host_min type="float">43.53</host_min>\n\t\t<avg type="str">43.13</avg>\n\t\t<host_max type="float">47.21</host_max>\n\t\t<hostname type="str">HOST27</hostname>\n\t</item>\n\t<item type="dict">\n\t\t<sum type="float">1046.94</sum>\n\t\t<host_min type="float">43.23</host_min>\n\t\t<avg type="str">43.62</avg>\n\t\t<host_max type="float">49.01</host_max>\n\t\t<hostname type="str">HOST28</hostname>\n\t</item>\n\t<item type="dict">\n\t\t<sum type="float">833.28</sum>\n\t\t<host_min type="float">31.82</host_min>\n\t\t<avg type="str">34.72</avg>\n\t\t<host_max type="float">41.61</host_max>\n\t\t<hostname type="str">HOST29</hostname>\n\t</item>\n</root>\n'
p0
.